id,input,output,breakdown_text,breakdown_json,dim_breakdown,dim_call_to_action,dim_intent,dim_key_details,dim_sender_context,dim_tone
1,"Subject: Question about Premium Plan Features

Hello,

I'm considering upgrading to your Premium plan, but I couldn't find information about whether it includes API access. Could you please clarify what features are included in this plan?

Thanks,
Jamie","Subject: RE: Question about Premium Plan Features

Hello Jamie,

Thank you for your interest in our Premium plan. I'm happy to confirm that the Premium plan does include full API access with up to 5,000 requests per day.

The Premium plan also includes:
- 24/7 priority customer support
- Advanced analytics dashboard
- Custom integrations
- Team collaboration features

If you have any other questions or need more details, please don't hesitate to ask.

Best regards,
[Your Name]
Customer Success Team","Breakdown:
Intent:
- couldn't find information about whether it includes API access

Key Details:
- Premium plan

Tone:
- Could you please clarify

Sender Context:
- I'm considering upgrading to your Premium plan

Call to Action:
- Could you please clarify what features are included in this plan?","{""Breakdown"": [], ""Intent"": [""couldn't find information about whether it includes API access""], ""Key Details"": [""Premium plan""], ""Tone"": [""Could you please clarify""], ""Sender Context"": [""I'm considering upgrading to your Premium plan""], ""Call to Action"": [""Could you please clarify what features are included in this plan?""]}",,Could you please clarify what features are included in this plan?,couldn't find information about whether it includes API access,Premium plan,I'm considering upgrading to your Premium plan,Could you please clarify
2,"Subject: Disappointed with Recent Service

To whom it may concern,

I've been a loyal customer for 3 years, but my experience last week was extremely disappointing. The delivery was two days late, and when I called customer service, I was on hold for over 30 minutes.

I expect better from a company I've supported for so long.

Regards,
Alex Morgan","Subject: RE: Disappointed with Recent Service

Dear Alex,

I sincerely apologize for your disappointing experience last week. As a valued customer of 3 years, you deserve much better service than what you received.

I've looked into your case and can confirm that there was an unexpected logistics issue that affected several deliveries, including yours. This is not our standard level of service, and we're taking steps to prevent similar issues in the future.

Regarding the long wait time, we're currently expanding our customer service team to improve response times. As a token of our apology and appreciation for your loyalty, I've applied a 20% discount to your next order.

Please feel free to contact me directly if you have any further concerns.

Sincerely,
[Your Name]
Customer Relations Manager","Breakdown:
Intent:
- Disappointed with Recent Service

Key Details:
- The delivery was two days late, and when I called customer service, I was on hold for over 30 minutes.

Tone:
- extremely disappointing

Sender Context:
- I've been a loyal customer for 3 years

Call to Action:
- I expect better from a company I've supported for so long.","{""Breakdown"": [], ""Intent"": [""Disappointed with Recent Service""], ""Key Details"": [""The delivery was two days late, and when I called customer service, I was on hold for over 30 minutes.""], ""Tone"": [""extremely disappointing""], ""Sender Context"": [""I've been a loyal customer for 3 years""], ""Call to Action"": [""I expect better from a company I've supported for so long.""]}",,I expect better from a company I've supported for so long.,Disappointed with Recent Service,"The delivery was two days late, and when I called customer service, I was on hold for over 30 minutes.",I've been a loyal customer for 3 years,extremely disappointing
3,"Subject: Meeting Request - Partnership Opportunity

Hi there,

I'd like to schedule a meeting to discuss a potential partnership between our companies. I'm available next Tuesday or Wednesday afternoon.

Let me know what works best for you.

Best,
Taylor Johnson
Business Development, XYZ Corp","Subject: RE: Meeting Request - Partnership Opportunity

Hello Taylor,

Thank you for reaching out about a potential partnership between our companies. I'd be delighted to meet and discuss this opportunity further.

I'm available at the following times next week:
- Tuesday (May 10) at 2:00 PM or 4:00 PM EST
- Wednesday (May 11) at 1:30 PM or 3:00 PM EST

Please let me know which time works best for you, and I'll send a calendar invitation with a video conference link.

I look forward to our conversation.

Kind regards,
[Your Name]
Partnership Manager","Breakdown:
Intent:
- I'd like to schedule a meeting to discuss a potential partnership between our companies.

Key Details:
- I'm available next Tuesday or Wednesday afternoon.

Tone:
- Hi there,

Sender Context:
- Taylor Johnson
Business Development, XYZ Corp

Call to Action:
- Let me know what works best for you.","{""Breakdown"": [], ""Intent"": [""I'd like to schedule a meeting to discuss a potential partnership between our companies.""], ""Key Details"": [""I'm available next Tuesday or Wednesday afternoon.""], ""Tone"": [""Hi there,""], ""Sender Context"": [""Taylor Johnson""], ""Call to Action"": [""Let me know what works best for you.""]}",,Let me know what works best for you.,I'd like to schedule a meeting to discuss a potential partnership between our companies.,I'm available next Tuesday or Wednesday afternoon.,Taylor Johnson,"Hi there,"
4,"Subject: Following up on my application

Dear Hiring Manager,

I submitted my application for the Senior Developer position last week (reference #JD4567). I wanted to follow up and express my continued interest in the role and the company.

I'd be happy to provide any additional information that might be helpful for the selection process.

Thank you for your consideration,
Robin Smith","Subject: RE: Following up on my application

Dear Robin,

Thank you for following up on your application for the Senior Developer position (reference #JD4567). We appreciate your continued interest in joining our team.

I can confirm that we have received your application, and it is currently under review by our technical team. We expect to complete the initial screening process by the end of this week, after which we will be inviting selected candidates for interviews.

We'll be in touch regardless of the outcome. If you have any questions in the meantime, please don't hesitate to reach out.

Best regards,
[Your Name]
HR Recruitment Team","Breakdown:
Intent:
- Following up on my application for the Senior Developer position

Key Details:
- Submitted my application last week (reference #JD4567)

Tone:
- I wanted to follow up and express my continued interest

Sender Context:
- Robin Smith, applicant for the Senior Developer position

Call to Action:
- I'd be happy to provide any additional information that might be helpful for the selection process.","{""Breakdown"": [], ""Intent"": [""Following up on my application for the Senior Developer position""], ""Key Details"": [""Submitted my application last week (reference #JD4567)""], ""Tone"": [""I wanted to follow up and express my continued interest""], ""Sender Context"": [""Robin Smith, applicant for the Senior Developer position""], ""Call to Action"": [""I'd be happy to provide any additional information that might be helpful for the selection process.""]}",,I'd be happy to provide any additional information that might be helpful for the selection process.,Following up on my application for the Senior Developer position,Submitted my application last week (reference #JD4567),"Robin Smith, applicant for the Senior Developer position",I wanted to follow up and express my continued interest
5,"Subject: Proposal for Software Integration Partnership

Hello,

I represent Acme Solutions, and we've developed a tool that would integrate perfectly with your platform. Our initial analysis shows this could increase user engagement by 25%.

Would you be interested in exploring a partnership? I can share a detailed proposal if you're interested.

Regards,
Jordan Lee
Partnerships, Acme Solutions","Subject: RE: Proposal for Software Integration Partnership

Hello Jordan,

Thank you for reaching out about a potential integration partnership between Acme Solutions and our platform. The possibility of increasing user engagement by 25% is certainly compelling.

We're always open to exploring partnerships that add value to our users' experience. I'd be interested in seeing your detailed proposal, particularly focusing on:
- Technical integration requirements
- User experience considerations
- Data privacy and security aspects
- Revenue sharing or commercial model proposed

Once I review your proposal, we can arrange a call with our product team to discuss the opportunity further.

Looking forward to learning more about your solution.

Best regards,
[Your Name]
Strategic Partnerships Director","Breakdown:
Intent:
- Proposal for Software Integration Partnership, exploring a potential partnership

Key Details:
- We've developed a tool that would integrate perfectly with your platform, and our initial analysis shows this could increase user engagement by 25%

Tone:
- Hello, (polite and introductory)

Sender Context:
- I represent Acme Solutions, Jordan Lee, Partnerships, Acme Solutions

Call to Action:
- Would you be interested in exploring a partnership? I can share a detailed proposal if you're interested.","{""Breakdown"": [], ""Intent"": [""Proposal for Software Integration Partnership, exploring a potential partnership""], ""Key Details"": [""We've developed a tool that would integrate perfectly with your platform, and our initial analysis shows this could increase user engagement by 25%""], ""Tone"": [""Hello, (polite and introductory)""], ""Sender Context"": [""I represent Acme Solutions, Jordan Lee, Partnerships, Acme Solutions""], ""Call to Action"": [""Would you be interested in exploring a partnership? I can share a detailed proposal if you're interested.""]}",,Would you be interested in exploring a partnership? I can share a detailed proposal if you're interested.,"Proposal for Software Integration Partnership, exploring a potential partnership","We've developed a tool that would integrate perfectly with your platform, and our initial analysis shows this could increase user engagement by 25%","I represent Acme Solutions, Jordan Lee, Partnerships, Acme Solutions","Hello, (polite and introductory)"
6,"Subject: Request for Information about Company History

To the PR Department,

I'm a student writing a research paper on innovative tech companies in the digital health space. I'd appreciate any information you could provide about your company's founding story and major milestones.

Is there a media kit or resource I could access?

Thank you,
Casey Williams
Graduate Student, University of Technology","Subject: RE: Request for Information about Company History

Dear Casey,

Thank you for your interest in our company for your research paper. We're happy to assist with your project on digital health innovation.

I've attached our media kit, which includes our founding story, key milestones, and high-resolution images cleared for academic use. Here are some highlights:

- Founded in 2012 by Dr. Jane Smith and Michael Brown
- Launched our first telehealth platform in 2014
- Received Series A funding ($5M) in 2015
- Introduced AI-assisted diagnostics in 2018
- Expanded to international markets in 2020
- Reached 1 million users milestone in 2022

If you need any specific information not covered in the media kit, please let me know. We also offer virtual interviews with our communications team for academic researchers.

Best of luck with your paper!

Regards,
[Your Name]
Public Relations Manager","Breakdown:
Intent:
- Request for Information about Company History

Key Details:
- I'm a student writing a research paper on innovative tech companies in the digital health space, company's founding story and major milestones

Tone:
- I'd appreciate

Sender Context:
- Casey Williams, Graduate Student, University of Technology

Call to Action:
- Is there a media kit or resource I could access?","{""Breakdown"": [], ""Intent"": [""Request for Information about Company History""], ""Key Details"": [""I'm a student writing a research paper on innovative tech companies in the digital health space, company's founding story and major milestones""], ""Tone"": [""I'd appreciate""], ""Sender Context"": [""Casey Williams, Graduate Student, University of Technology""], ""Call to Action"": [""Is there a media kit or resource I could access?""]}",,Is there a media kit or resource I could access?,Request for Information about Company History,"I'm a student writing a research paper on innovative tech companies in the digital health space, company's founding story and major milestones","Casey Williams, Graduate Student, University of Technology",I'd appreciate
7,"Subject: Unable to Export Data from Dashboard

Hi Support,

I'm trying to export my analytics data to CSV, but keep getting an error message: ""Export failed: unknown error"". I've tried using different browsers and clearing my cache.

Can you help me resolve this?

Thanks,
Pat Miller
Account #12345","Subject: RE: Unable to Export Data from Dashboard

Hi Pat,

I'm sorry to hear you're experiencing issues with exporting your analytics data. Let's get this resolved for you right away.

I've checked your Account #12345 and identified that there's a temporary issue with the export function for accounts with large datasets (over 50,000 entries). Our engineering team is aware of this bug and working on a fix that should be deployed within 24 hours.

In the meantime, I can offer two solutions:
1. I can manually export your data and send it to you within 2 hours
2. You can export smaller date ranges (less than 30 days at a time)

Please let me know which option you prefer, or if you'd rather wait for the full fix tomorrow.

Best regards,
[Your Name]
Technical Support Specialist","Breakdown:
Intent:
- Unable to Export Data from Dashboard

Key Details:
- I'm trying to export my analytics data to CSV, but keep getting an error message: ""Export failed: unknown error""

Tone:
- Hi Support,

Sender Context:
- Pat Miller
Account #12345

Call to Action:
- Can you help me resolve this?","{""Breakdown"": [], ""Intent"": [""Unable to Export Data from Dashboard""], ""Key Details"": [""I'm trying to export my analytics data to CSV, but keep getting an error message: \""Export failed: unknown error\""""], ""Tone"": [""Hi Support,""], ""Sender Context"": [""Pat Miller""], ""Call to Action"": [""Can you help me resolve this?""]}",,Can you help me resolve this?,Unable to Export Data from Dashboard,"I'm trying to export my analytics data to CSV, but keep getting an error message: ""Export failed: unknown error""",Pat Miller,"Hi Support,"
8,"Subject: Invitation to Speak at Industry Conference

Dear Dr. Thompson,

On behalf of the organizing committee, I'd like to invite you to be a keynote speaker at the upcoming Digital Innovation Summit on September 15-16, 2023, in Boston.

Given your expertise in AI ethics, we would be honored if you could present on the future challenges in this space.

Please let me know if you're interested and available.

Best regards,
Morgan Chen
Event Coordinator, Digital Innovation Summit","Subject: RE: Invitation to Speak at Industry Conference

Dear Morgan,

Thank you for the invitation to speak at the Digital Innovation Summit this September. I'm honored to be considered as a keynote speaker for such a prestigious event.

I'm pleased to confirm that I am available on September 15-16, 2023, and would be delighted to present on AI ethics and future challenges. This topic aligns perfectly with my current research, and I appreciate the opportunity to share insights with the innovation community.

To help me prepare appropriately, could you please provide:
- The expected length of the keynote presentation
- The anticipated audience composition and size
- Technical requirements for the presentation
- Any specific aspects of AI ethics you'd like me to address

I look forward to contributing to the success of the Digital Innovation Summit.

Kind regards,
[Your Name]
Dr. J. Thompson","Breakdown:
Intent:
- I'd like to invite you to be a keynote speaker at the upcoming Digital Innovation Summit

Key Details:
- Digital Innovation Summit on September 15-16, 2023, in Boston
- present on the future challenges in AI ethics

Tone:
- we would be honored

Sender Context:
- Morgan Chen
Event Coordinator, Digital Innovation Summit

Call to Action:
- Please let me know if you're interested and available.","{""Breakdown"": [], ""Intent"": [""I'd like to invite you to be a keynote speaker at the upcoming Digital Innovation Summit""], ""Key Details"": [""Digital Innovation Summit on September 15-16, 2023, in Boston"", ""present on the future challenges in AI ethics""], ""Tone"": [""we would be honored""], ""Sender Context"": [""Morgan Chen""], ""Call to Action"": [""Please let me know if you're interested and available.""]}",,Please let me know if you're interested and available.,I'd like to invite you to be a keynote speaker at the upcoming Digital Innovation Summit,"Digital Innovation Summit on September 15-16, 2023, in Boston
present on the future challenges in AI ethics",Morgan Chen,we would be honored
9,"Subject: Feedback Request on New Customer Portal

Hello,

We recently launched our new customer portal and would value your feedback as a frequent user of our services. Could you take 5 minutes to share your thoughts on the new design and functionality?

Your input will help us improve the experience for all users.

Thanks,
The Product Team","Subject: RE: Feedback Request on New Customer Portal

Hello,

I appreciate the opportunity to provide feedback on the new customer portal. After using it for the past week, I have the following observations:

Strengths:
- The redesigned dashboard offers a clearer overview of account status
- The mobile responsiveness has significantly improved
- I appreciate the new document upload feature that allows multiple files

Areas for improvement:
- The notification center seems to have a slight delay (approximately 10-15 minutes)
- I found the billing history section less intuitive than before
- It would be helpful to have keyboard shortcuts for common actions

Overall, I find the new portal to be a substantial improvement. The modern interface and faster loading times have made my daily interactions more efficient.

Is there a specific aspect of the portal you're most interested in receiving feedback about?

Best regards,
[Your Name]","Breakdown:
Intent:
- Feedback Request on New Customer Portal

Key Details:
- We recently launched our new customer portal and would value your feedback as a frequent user of our services.

Tone:
- would value your feedback

Sender Context:
- The Product Team

Call to Action:
- Could you take 5 minutes to share your thoughts on the new design and functionality?","{""Breakdown"": [], ""Intent"": [""Feedback Request on New Customer Portal""], ""Key Details"": [""We recently launched our new customer portal and would value your feedback as a frequent user of our services.""], ""Tone"": [""would value your feedback""], ""Sender Context"": [""The Product Team""], ""Call to Action"": [""Could you take 5 minutes to share your thoughts on the new design and functionality?""]}",,Could you take 5 minutes to share your thoughts on the new design and functionality?,Feedback Request on New Customer Portal,We recently launched our new customer portal and would value your feedback as a frequent user of our services.,The Product Team,would value your feedback
10,"Subject: Question about Invoice #INV-2023-04856

Hi Accounting Team,

I received invoice #INV-2023-04856 yesterday, but I noticed a charge for ""Premium Support Services"" that wasn't part of our original agreement.

Could you please clarify this charge or provide a corrected invoice?

Thanks,
Riley Zhang
Financial Controller, ABC Company","Subject: RE: Question about Invoice #INV-2023-04856

Dear Riley,

Thank you for bringing this discrepancy to our attention regarding invoice #INV-2023-04856.

After reviewing your account and our agreement, I can confirm that the ""Premium Support Services"" charge of $199 was incorrectly applied to your invoice. This service is indeed not part of your current plan.

I've processed a revised invoice (#INV-2023-04856R) removing this charge, which is attached to this email. Your correct total is $1,450 instead of $1,649. If you've already paid the original amount, we can either apply the difference as credit to your account or process a refund.

Please let me know your preference, and I apologize for any inconvenience this may have caused.

Regards,
[Your Name]
Accounts Receivable Specialist ","Breakdown:
Intent:
- Question about a specific charge on the invoice #INV-2023-04856

Key Details:
- Invoice #INV-2023-04856
- Charge for ""Premium Support Services"" not part of the original agreement

Tone:
- Could you please clarify

Sender Context:
- Riley Zhang, Financial Controller, ABC Company

Call to Action:
- Could you please clarify this charge or provide a corrected invoice?","{""Breakdown"": [], ""Intent"": [""Question about a specific charge on the invoice #INV-2023-04856""], ""Key Details"": [""Invoice #INV-2023-04856"", ""Charge for \""Premium Support Services\"" not part of the original agreement""], ""Tone"": [""Could you please clarify""], ""Sender Context"": [""Riley Zhang, Financial Controller, ABC Company""], ""Call to Action"": [""Could you please clarify this charge or provide a corrected invoice?""]}",,Could you please clarify this charge or provide a corrected invoice?,Question about a specific charge on the invoice #INV-2023-04856,"Invoice #INV-2023-04856
Charge for ""Premium Support Services"" not part of the original agreement","Riley Zhang, Financial Controller, ABC Company",Could you please clarify
